<com.microchip.xc8>
  <com.microchip.xc8.compiler.general.ChangeDefaultCharTypeUnsigned>True</com.microchip.xc8.compiler.general.ChangeDefaultCharTypeUnsigned>
  <com.microchip.xc8.compiler.general.ChangeDefaultBitFieldUnsigned>True</com.microchip.xc8.compiler.general.ChangeDefaultBitFieldUnsigned>
  <com.microchip.xc8.compiler.symbols.DefSymbols>
    <ListValues>
      <Value>(%24DeviceMacro)</Value>
      <Value>DEBUG</Value>
    </ListValues>
  </com.microchip.xc8.compiler.symbols.DefSymbols>
  <com.microchip.xc8.compiler.directories.IncludePaths>
    <ListValues>
      <Value>../Config</Value>
      <Value>../examples/include</Value>
      <Value>../include</Value>
      <Value>../utils</Value>
      <Value>../utils/assembler</Value>
      <Value>../</Value>
    </ListValues>
  </com.microchip.xc8.compiler.directories.IncludePaths>
  <com.microchip.xc8.compiler.optimization.level>Optimize (-O1)</com.microchip.xc8.compiler.optimization.level>
  <com.microchip.xc8.compiler.optimization.PackStructureMembers>True</com.microchip.xc8.compiler.optimization.PackStructureMembers>
  <com.microchip.xc8.compiler.optimization.AllocateBytesNeededForEnum>True</com.microchip.xc8.compiler.optimization.AllocateBytesNeededForEnum>
  <com.microchip.xc8.compiler.optimization.DebugLevel>Default (-g2)</com.microchip.xc8.compiler.optimization.DebugLevel>
  <com.microchip.xc8.compiler.warnings.AllWarnings>True</com.microchip.xc8.compiler.warnings.AllWarnings>
  <com.microchip.xc8.compiler.miscellaneous.OtherFlags>-std=gnu99</com.microchip.xc8.compiler.miscellaneous.OtherFlags>
  <com.microchip.xc8.linker.libraries.Libraries>
    <ListValues>
      <Value>libm</Value>
    </ListValues>
  </com.microchip.xc8.linker.libraries.Libraries>
  <com.microchip.xc8.assembler.general.IncludePaths>
    <ListValues>
      <Value>../Config</Value>
      <Value>../examples/include</Value>
      <Value>../include</Value>
      <Value>../utils</Value>
      <Value>../utils/assembler</Value>
      <Value>../</Value>
    </ListValues>
  </com.microchip.xc8.assembler.general.IncludePaths>
  <com.microchip.xc8.assembler.debugging.DebugLevel>Default (-Wa,-g)</com.microchip.xc8.assembler.debugging.DebugLevel>
</com.microchip.xc8>